[{"line":2,"elements":[{"start_timestamp":"2024-08-08T10:12:15.498Z","before":[{"result":{"duration":2679100,"status":"passed"},"match":{"location":"com.itlearn.hooks.Hooks.setup()"}}],"line":4,"name":"Successful login with valid credentials","description":"","id":"user-login;successful-login-with-valid-credentials","after":[{"result":{"duration":995700,"status":"passed"},"match":{"location":"com.itlearn.hooks.Hooks.tearDown()"}},{"result":{"duration":1658550200,"status":"passed"},"match":{"location":"logincondition.StepDefinitions.tearDown()"}}],"type":"scenario","keyword":"Scenario","steps":[{"result":{"duration":14423040700,"status":"passed"},"line":5,"name":"User is on the login page","match":{"location":"logincondition.StepDefinitions.user_is_on_the_login_page()"},"keyword":"Given "},{"result":{"duration":205244300,"status":"passed"},"line":6,"name":"User enters valid username and password","match":{"location":"logincondition.StepDefinitions.user_enters_valid_username_and_password()"},"keyword":"When "},{"result":{"duration":11354148500,"status":"passed"},"line":7,"name":"User clicks on the login button","match":{"location":"logincondition.StepDefinitions.user_clicks_on_the_login_button()"},"keyword":"Then "}],"tags":[{"name":"@all"},{"name":"@valid"}]},{"start_timestamp":"2024-08-08T10:12:43.258Z","before":[{"result":{"status":"passed"},"match":{"location":"com.itlearn.hooks.Hooks.setup()"}}],"line":11,"name":"Unsuccessful login with invalid credentials","description":"","id":"user-login;unsuccessful-login-with-invalid-credentials","after":[{"result":{"duration":1010200,"status":"passed"},"match":{"location":"com.itlearn.hooks.Hooks.tearDown()"}},{"result":{"duration":219035700,"status":"passed"},"match":{"location":"logincondition.StepDefinitions.tearDown()"}}],"type":"scenario","keyword":"Scenario","steps":[{"result":{"duration":4816046200,"status":"passed"},"line":12,"name":"User is on the login page","match":{"location":"logincondition.StepDefinitions.user_is_on_the_login_page()"},"keyword":"Given "},{"result":{"duration":208306700,"status":"passed"},"line":13,"name":"User enters invalid username and password","match":{"location":"logincondition.StepDefinitions.user_enters_invalid_username_and_password()"},"keyword":"When "},{"result":{"status":"undefined"},"line":14,"name":"User clicks on the login button","match":{},"keyword":"Then "}],"tags":[{"name":"@all"},{"name":"@invalid"}]}],"name":"User Login","description":"","id":"user-login","keyword":"Feature","uri":"file:src/test/java/featurepage/login.feature","tags":[{"name":"@all","type":"Tag","location":{"line":1,"column":1}}]}]