<?xml version="1.0" encoding="UTF-8"?>
<!DOCTYPE suite SYSTEM "https://testng.org/testng-1.0.dtd">

<suite name="Suite">
<listeners>
<listener class-name="com.itlearn.utility.ITestListenerClass"></listener>
</listeners>
  <test  thread-count="2"  name="Test">
    <classes>
     
    
      <class name="com.itlearn.pages.BaseTest"/>
      <class name="com.itlearn.testcases.SerachTestCase"/>
      <class name="com.itlearn.testcases.DashBoardTestCase"/>
      <class name="com.itlearn.testcases.PaymentTestCase"/>
      <class name="com.itlearn.testcases.LoginTest"/>
      <class name="com.itlearn.testcases.LoginTestDriverData"/>
      <class name="com.restassured.RestAssuredImplementationClass"/>
    </classes>
  </test> <!-- Test -->
</suite> <!-- Suite -->
